{
  "lang":"en",
  "name":"pipeline",
  "version":"0.0.0",
  "spacy_version":">=3.6.1,<3.7.0",
  "description":"",
  "author":"",
  "email":"",
  "url":"",
  "license":"",
  "spacy_git_version":"458bc5f45",
  "vectors":{
    "width":0,
    "vectors":0,
    "keys":0,
    "name":null,
    "mode":"default"
  },
  "labels":{
    "transformer":[

    ],
    "ner":[
      "College Name",
      "Companies worked at",
      "Degree",
      "Designation",
      "Email Address",
      "Graduation Year",
      "Location",
      "Name",
      "Skills",
      "UNKNOWN",
      "Years of Experience"
    ]
  },
  "pipeline":[
    "transformer",
    "ner"
  ],
  "components":[
    "transformer",
    "ner"
  ],
  "disabled":[

  ],
  "performance":{
    "ents_f":0.4934464148,
    "ents_p":0.6451612903,
    "ents_r":0.3995006242,
    "ents_per_type":{
      "Name":{
        "p":0.8939393939,
        "r":0.9833333333,
        "f":0.9365079365
      },
      "Designation":{
        "p":0.6666666667,
        "r":0.4869565217,
        "f":0.5628140704
      },
      "Location":{
        "p":0.5967741935,
        "r":0.3523809524,
        "f":0.4431137725
      },
      "Email Address":{
        "p":0.5416666667,
        "r":0.78,
        "f":0.6393442623
      },
      "Degree":{
        "p":0.7631578947,
        "r":0.4833333333,
        "f":0.5918367347
      },
      "Skills":{
        "p":0.3939393939,
        "r":0.1181818182,
        "f":0.1818181818
      },
      "College Name":{
        "p":0.7567567568,
        "r":0.3943661972,
        "f":0.5185185185
      },
      "Graduation Year":{
        "p":0.6086956522,
        "r":0.3255813953,
        "f":0.4242424242
      },
      "Companies worked at":{
        "p":0.5657894737,
        "r":0.2471264368,
        "f":0.344
      },
      "Years of Experience":{
        "p":0.4,
        "r":0.1538461538,
        "f":0.2222222222
      }
    },
    "transformer_loss":6741.046749268,
    "ner_loss":13655.4172387294
  }
}